{
    "Objects": [
        {
            "name": "TacticalGoggles",
            "pos": [
                6264.62353515625,
                309.9925231933594,
                6015.107421875
            ],
            "ypr": [
                -179.99996948242188,
                89.82867431640625,
                179.99996948242188
            ],
            "scale": 0.9999974370002747,
            "enableCEPersistency": 0,
            "customString": ""
        },
        {
            "name": "TacticalGoggles",
            "pos": [
                6264.41748046875,
                309.9925231933594,
                6015.107421875
            ],
            "ypr": [
                179.9999542236328,
                89.14796447753906,
                179.9999542236328
            ],
            "scale": 0.9999445080757141,
            "enableCEPersistency": 0,
            "customString": ""
        },
        {
            "name": "TacticalGoggles",
            "pos": [
                6264.18212890625,
                309.9925231933594,
                6015.107421875
            ],
            "ypr": [
                179.99993896484376,
                88.98837280273438,
                179.99993896484376
            ],
            "scale": 0.9999399781227112,
            "enableCEPersistency": 0,
            "customString": ""
        }
    ]
}