{
    "Objects": [
        {
            "name": "StaticObj_Panel_Concrete_1",
            "pos": [
                6254.390625,
                310.2834777832031,
                6035.84423828125
            ],
            "ypr": [
                0.0,
                89.92597961425781,
                179.99996948242188
            ],
            "scale": 0.9999995231628418,
            "enableCEPersistency": 0,
            "customString": ""
        },
        {
            "name": "StaticObj_Panel_Concrete_1",
            "pos": [
                6251.39013671875,
                310.2834777832031,
                6035.84423828125
            ],
            "ypr": [
                1.6265785376598507e-12,
                89.94403839111328,
                179.99998474121095
            ],
            "scale": 0.9998829960823059,
            "enableCEPersistency": 0,
            "customString": ""
        }
    ]
}